Platform,Total Time Spent,Number of Sessions,Engagement,Scroll Rate,Self Control,Addiction Level
Twitter,181.19,79.53,7.04,6.45,5.21,5.63
Snapchat,279.02,76.51,5.8,4.88,4.31,6.84
YouTube,84.03,84.51,10.0,4.89,6.38,3.39
Snapchat,235.24,72.61,7.78,7.39,3.77,7.76
Snapchat,468.56,77.37,7.15,8.35,4.89,10.0
Facebook,109.0,96.52,3.45,5.45,7.37,2.87
YouTube,68.77,71.26,3.42,5.32,5.68,2.86
YouTube,150.95,47.87,6.59,7.0,4.88,6.17
YouTube,173.96,114.99,6.29,3.29,3.8,4.51
Snapchat,351.59,107.63,4.77,6.45,3.73,8.12
Twitter,147.09,54.15,6.28,7.1,3.3,6.3
YouTube,117.41,93.79,9.18,7.36,3.92,5.27
Snapchat,67.18,69.94,7.39,2.13,6.51,2.24
Facebook,31.31,85.27,3.72,4.48,4.56,2.44
Twitter,49.44,85.88,5.78,4.24,2.3,3.54
Facebook,49.15,75.31,4.39,6.2,8.54,1.88
Twitter,135.35,64.32,5.22,6.96,5.64,4.85
Snapchat,38.18,66.19,5.17,8.99,2.19,4.18
Instagram,159.76,61.68,5.04,5.01,4.12,5.17
Twitter,537.45,63.36,3.49,5.0,5.22,10.0
Facebook,358.51,78.66,5.74,8.3,8.41,8.8
Snapchat,134.31,65.68,4.88,6.59,2.78,5.5
Twitter,768.51,93.64,1.0,8.54,6.95,10.0
Instagram,174.43,109.74,10.0,6.58,7.8,4.77
Instagram,193.57,68.4,8.18,3.69,3.74,5.46
YouTube,148.72,84.79,5.25,3.33,4.44,4.09
YouTube,162.47,89.99,6.04,2.9,2.93,4.62
Facebook,105.89,89.44,3.66,7.32,4.59,4.08
Twitter,135.87,81.52,9.39,8.38,4.93,5.85
Twitter,445.99,94.85,9.79,9.7,6.32,10.0
YouTube,384.84,89.64,6.31,7.69,7.18,8.96
Twitter,16.72,55.25,8.05,8.33,3.5,3.71
Twitter,42.99,97.38,6.35,4.84,1.07,3.94
Instagram,85.07,97.75,3.33,3.69,4.96,2.93
YouTube,319.0,64.73,5.18,7.7,5.59,9.11
Snapchat,390.62,80.76,6.26,6.84,5.5,9.42
YouTube,278.27,93.67,5.09,6.21,4.35,6.96
Snapchat,59.27,75.81,5.56,6.77,5.25,3.3
Instagram,107.71,101.46,5.82,6.65,8.03,3.15
Facebook,238.16,127.28,5.84,8.57,5.76,6.26
Twitter,137.53,64.28,6.1,8.59,4.25,5.99
Instagram,122.81,52.38,3.88,7.09,4.0,5.24
Twitter,124.27,86.08,4.57,7.69,4.66,4.66
Facebook,365.61,94.43,3.43,7.03,8.27,7.38
Facebook,255.56,75.38,7.96,5.08,4.63,6.69
Instagram,129.81,109.07,1.79,7.51,4.96,3.97
Facebook,212.42,53.23,8.31,3.21,4.04,5.73
Snapchat,51.71,93.86,8.77,8.11,7.2,3.23
Facebook,107.88,67.88,5.4,3.61,8.92,2.37
Twitter,342.09,114.39,1.0,6.57,5.9,6.75
Twitter,35.66,119.85,5.28,4.31,5.17,2.39
Twitter,257.78,64.67,5.87,7.11,5.07,7.72
Twitter,16.48,69.01,3.98,5.93,1.0,3.48
Snapchat,495.62,97.19,4.97,2.81,6.49,7.72
YouTube,105.75,72.26,9.06,6.84,5.27,4.72
Instagram,223.69,79.09,7.33,4.84,5.86,5.56
Twitter,181.85,80.51,4.15,7.76,3.58,6.14
Facebook,186.83,41.61,2.8,6.0,4.23,6.63
Twitter,209.65,79.72,5.35,6.79,4.18,6.35
Facebook,29.02,66.21,5.57,4.08,7.04,1.81
Facebook,189.71,70.14,6.99,4.82,4.24,5.6
Twitter,144.02,108.87,4.93,5.08,9.17,2.86
Snapchat,106.24,54.87,7.02,7.71,5.86,4.88
Facebook,85.03,96.26,9.87,9.35,2.45,5.79
Facebook,193.25,74.42,7.63,4.39,4.74,5.32
Twitter,69.58,74.4,5.9,8.15,3.7,4.31
Facebook,337.96,95.81,5.63,1.66,1.0,6.85
Facebook,235.43,86.8,5.29,3.61,8.2,4.26
Twitter,201.95,91.41,8.36,4.08,6.41,4.68
Twitter,328.44,99.36,4.75,3.29,6.07,5.87
Instagram,24.07,73.37,6.09,2.83,5.33,2.08
Snapchat,50.04,67.76,6.1,6.83,2.24,4.17
Snapchat,242.83,58.3,5.0,5.57,4.03,7.1
Facebook,89.43,63.49,3.26,6.76,6.68,3.28
Snapchat,99.53,138.98,6.65,7.38,2.9,4.64
Facebook,43.04,104.89,5.88,6.53,1.0,4.17
Instagram,69.76,52.98,7.0,7.32,4.55,4.32
Twitter,343.05,53.55,4.93,5.86,4.72,9.35
Twitter,238.81,89.64,8.44,3.63,5.27,5.38
Twitter,191.69,90.95,4.25,8.12,6.46,5.38
Snapchat,102.85,90.98,9.42,4.82,6.28,3.6
Instagram,182.92,74.9,2.5,4.13,5.52,4.39
Snapchat,363.42,77.49,6.87,5.64,7.39,7.84
Snapchat,91.37,86.56,6.95,4.17,1.96,4.35
Instagram,162.19,81.72,4.41,5.17,6.01,4.3
Instagram,515.73,35.61,6.85,6.69,6.25,10.0
Instagram,275.75,75.4,8.56,6.7,2.52,8.6
Instagram,104.09,62.97,1.57,4.2,1.99,4.27
Twitter,260.52,83.5,7.01,5.02,3.51,6.82
YouTube,35.03,139.71,1.01,8.15,3.68,2.62
YouTube,157.24,87.35,4.07,6.99,6.51,4.45
Instagram,260.32,73.73,9.26,10.0,3.77,9.85
YouTube,220.73,98.44,4.84,8.36,3.29,6.9
YouTube,258.57,89.65,3.65,8.29,3.78,7.45
Instagram,299.17,88.4,5.6,3.22,7.24,5.27
YouTube,233.25,92.14,10.0,7.53,5.03,7.24
Snapchat,228.51,121.13,2.34,5.89,4.64,5.28
Facebook,194.94,57.38,3.9,4.9,4.78,5.56
Facebook,62.43,89.47,8.99,6.34,7.58,2.93
Instagram,342.95,61.47,9.72,7.89,3.5,10.0
Twitter,161.61,91.11,5.79,7.0,7.63,4.38
Instagram,271.04,61.63,3.52,4.24,5.42,6.25
Twitter,319.51,71.65,10.0,7.48,4.68,9.63
Facebook,108.53,74.1,9.19,4.72,10.0,2.65
Instagram,116.63,99.52,7.36,6.43,2.89,5.0
Snapchat,129.85,98.37,4.38,5.39,4.29,4.19
YouTube,387.03,55.09,5.9,5.56,2.54,10.0
Twitter,75.8,81.1,5.68,7.53,6.9,3.25
YouTube,431.95,65.81,6.66,3.92,8.38,7.9
YouTube,193.35,54.83,8.9,9.89,8.34,7.68
Instagram,203.57,75.66,7.76,2.36,7.45,3.8
YouTube,309.92,73.83,3.85,4.8,4.6,7.1
Snapchat,177.52,128.53,8.75,6.74,4.27,5.61
YouTube,345.53,88.66,6.63,7.17,1.66,9.7
Instagram,108.41,52.45,7.37,5.8,9.07,3.42
Snapchat,422.85,68.7,8.93,5.89,5.94,10.0
Facebook,115.51,100.43,3.78,6.82,4.02,4.25
YouTube,433.52,121.77,5.93,5.54,7.66,7.67
Instagram,118.09,48.28,4.94,8.79,3.05,6.28
Facebook,132.87,42.4,2.86,7.68,5.81,5.43
Facebook,67.74,117.42,6.69,7.75,4.65,3.76
Twitter,85.9,87.79,10.0,4.07,6.28,3.19
Snapchat,162.23,62.63,2.32,5.84,4.87,4.94
YouTube,198.77,90.69,5.94,5.4,2.1,6.18
Instagram,328.77,27.29,7.28,3.99,5.15,10.0
Twitter,140.54,80.07,6.25,6.72,7.1,4.3
Snapchat,221.07,86.56,5.77,4.92,4.94,5.55
Twitter,189.09,98.49,3.4,7.31,6.55,4.83
Snapchat,238.67,59.72,6.47,3.86,2.91,6.56
Snapchat,97.15,81.71,4.49,9.44,4.95,4.46
YouTube,107.08,61.49,1.62,4.21,3.75,3.81
Snapchat,97.18,85.11,8.39,6.44,6.49,3.84
Twitter,372.12,62.09,7.92,7.58,5.06,10.0
Snapchat,425.54,71.84,6.1,4.86,6.38,8.81
YouTube,103.31,60.08,6.46,7.7,7.18,4.2
YouTube,105.06,93.02,8.15,3.54,6.38,3.11
Twitter,262.46,97.17,6.45,8.9,5.55,7.51
Facebook,456.91,75.31,7.81,6.03,3.0,10.0
Facebook,522.64,80.76,5.41,4.81,4.99,10.0
Snapchat,99.41,51.03,8.62,5.4,3.93,4.8
Instagram,121.46,74.01,6.64,7.62,4.31,5.18
Snapchat,206.36,79.0,6.39,4.83,4.25,5.67
Twitter,213.68,132.42,3.46,4.5,3.04,5.26
Twitter,144.85,57.76,6.57,5.56,1.09,6.25
Twitter,83.39,109.28,4.34,3.65,3.66,3.33
Twitter,162.43,99.94,4.72,9.64,5.39,5.49
Twitter,522.27,85.61,4.37,4.87,2.3,10.0
YouTube,108.38,115.17,3.87,7.66,5.03,3.89
Facebook,197.26,87.44,10.0,6.42,8.8,5.06
Twitter,752.03,87.78,8.66,4.03,7.05,10.0
Instagram,107.1,78.94,9.84,5.99,8.29,3.58
Instagram,271.11,104.47,3.55,7.57,5.78,6.48
Instagram,536.82,101.93,6.14,5.62,7.34,9.82
Instagram,255.14,67.49,3.41,8.39,3.55,8.23
YouTube,354.68,53.62,4.61,8.04,3.71,10.0
Instagram,296.61,75.94,4.16,7.84,1.0,9.38
Twitter,241.11,64.0,8.48,5.08,7.37,5.98
Snapchat,416.36,78.73,5.21,3.84,8.08,7.17
Instagram,265.23,104.75,8.14,4.77,3.89,6.47
YouTube,146.01,70.85,7.21,6.39,4.49,5.35
YouTube,186.33,79.14,10.0,7.09,3.49,6.9
Instagram,218.94,81.16,3.04,1.66,5.77,4.01
Snapchat,120.87,96.97,8.52,5.98,7.25,3.8
Instagram,192.57,35.06,8.29,6.32,1.51,8.99
YouTube,172.73,67.87,4.05,5.44,5.82,4.81
Facebook,264.66,84.23,8.01,8.58,4.45,8.39
Twitter,630.97,104.0,6.67,6.84,5.23,10.0
YouTube,200.98,70.16,5.55,8.62,5.92,6.66
Instagram,464.52,42.47,4.35,5.57,4.62,10.0
Twitter,258.11,92.39,4.56,7.87,4.79,7.06
Instagram,191.94,67.29,10.0,9.27,4.57,8.05
Instagram,115.42,56.21,6.0,8.62,6.94,4.88
Facebook,193.0,67.51,7.56,3.82,5.84,4.85
Twitter,184.43,76.31,4.42,5.49,5.44,5.02
Twitter,91.64,67.91,4.44,5.31,2.46,4.37
Facebook,104.42,35.89,8.16,6.98,4.24,5.94
YouTube,220.26,97.94,3.3,7.37,6.8,5.31
Instagram,461.48,105.5,5.17,4.32,5.08,8.43
Snapchat,158.32,93.03,6.07,6.14,6.32,4.48
Instagram,40.91,57.25,6.22,1.96,8.53,1.23
Instagram,66.53,75.97,5.64,8.88,7.08,3.32
YouTube,275.86,79.87,6.79,4.98,5.19,6.6
Instagram,50.0,91.98,7.39,6.11,3.98,3.54
Facebook,306.58,93.37,7.47,5.38,1.0,8.34
Facebook,265.49,65.32,4.03,8.29,4.66,8.29
Twitter,154.19,81.64,5.43,1.0,4.35,3.53
Snapchat,92.35,89.15,8.39,5.97,5.78,3.81
Instagram,137.42,109.12,7.79,5.79,4.69,4.6
Instagram,216.37,94.09,3.25,5.09,4.36,5.36
YouTube,51.68,95.78,6.7,9.45,1.44,4.86
Facebook,431.17,81.68,2.04,4.23,3.12,8.78
Snapchat,214.94,108.21,6.09,7.54,5.95,5.78
Twitter,232.86,88.2,9.8,6.71,8.43,5.89
Facebook,264.17,62.78,4.1,8.52,4.8,8.49
Twitter,403.88,108.07,4.33,4.67,5.66,7.49
YouTube,193.35,93.96,7.53,4.53,6.9,4.48
YouTube,275.98,71.14,2.91,8.19,3.38,8.4
Instagram,93.71,70.41,4.73,6.85,5.73,3.78
Snapchat,524.04,85.93,7.19,2.91,3.52,9.38
Twitter,183.76,89.26,4.73,4.92,6.73,4.3
Facebook,93.3,83.95,5.53,6.77,5.3,3.84
YouTube,115.45,86.23,7.49,7.68,5.6,4.65
Instagram,22.39,114.0,6.84,4.64,3.43,2.92
Instagram,114.83,101.43,6.53,1.0,6.41,2.47
Twitter,8.73,83.81,5.32,7.05,9.17,1.16
YouTube,290.09,98.83,6.74,3.56,2.98,6.53
Snapchat,227.85,59.35,5.75,1.97,4.32,4.96
YouTube,70.4,87.96,6.92,1.0,5.46,2.28
Twitter,160.58,116.19,5.01,7.63,6.57,4.45
Twitter,166.2,75.64,5.63,6.26,3.88,5.58
YouTube,57.39,63.05,4.02,5.55,1.0,4.23
Twitter,139.74,66.96,5.93,8.78,7.72,4.95
YouTube,170.16,58.21,4.38,7.27,6.52,5.51
Facebook,136.75,64.3,3.77,9.23,1.51,6.57
YouTube,93.22,72.59,6.52,3.21,3.78,3.63
YouTube,67.92,51.89,6.43,5.93,8.14,2.78
Twitter,132.95,80.31,7.57,2.77,7.9,2.84
Twitter,103.27,98.05,5.14,5.54,6.88,3.12
Instagram,252.05,61.84,6.82,5.5,4.65,7.12
Instagram,420.46,110.39,7.1,7.25,5.17,9.45
Facebook,316.8,90.22,6.89,6.09,4.74,7.72
Instagram,174.48,100.61,4.35,7.25,7.26,4.45
YouTube,96.32,66.84,6.3,7.41,3.25,4.99
Twitter,311.01,97.09,6.73,10.0,3.39,9.64
Instagram,262.85,58.16,6.01,5.37,7.02,6.59
Instagram,401.15,97.8,1.83,4.12,4.91,7.38
Facebook,193.5,83.44,6.32,6.49,7.76,4.93
Facebook,506.24,91.07,10.0,4.4,3.66,10.0
YouTube,193.54,56.49,5.28,8.96,4.89,7.49
Twitter,95.92,62.1,4.54,5.43,3.16,4.35
Facebook,111.68,91.94,6.75,4.87,5.01,3.86
Instagram,243.69,61.03,6.62,5.06,2.04,7.51
Twitter,103.03,89.26,8.39,7.44,4.02,4.93
Twitter,503.96,52.66,3.48,5.68,2.13,10.0
Instagram,229.58,96.96,7.46,4.72,6.39,5.2
Facebook,171.62,55.35,7.18,9.33,6.43,7.02
Instagram,182.65,91.05,5.72,4.29,1.54,5.71
Twitter,135.6,92.51,6.68,6.07,7.67,3.76
Snapchat,30.73,66.06,8.06,7.3,9.99,1.83
Snapchat,111.75,91.64,7.74,2.74,5.09,3.35
YouTube,463.64,85.21,3.71,6.96,3.72,10.0
Instagram,197.35,69.22,7.64,3.89,10.0,3.68
Instagram,341.69,59.83,5.87,7.65,2.36,10.0
YouTube,348.31,40.75,6.15,4.07,5.04,8.95
YouTube,161.74,86.99,6.15,7.39,5.36,5.29
YouTube,265.86,48.7,5.7,8.21,7.69,8.77
Twitter,34.75,81.91,8.38,7.72,5.72,3.25
Instagram,439.19,74.73,5.83,6.5,4.0,10.0
Twitter,415.87,93.58,3.76,5.54,3.1,9.11
YouTube,238.93,73.96,5.21,4.85,4.32,6.17
Instagram,202.64,73.41,6.36,8.94,2.99,7.74
Twitter,163.39,94.64,8.46,4.6,5.1,4.68
Twitter,368.54,86.7,7.21,3.93,3.87,7.76
YouTube,287.46,86.32,4.3,7.33,2.01,8.34
Instagram,124.12,89.39,10.0,4.41,7.51,3.48
YouTube,59.88,49.29,6.53,4.1,4.0,3.43
Instagram,49.17,95.14,8.55,3.11,2.46,3.45
Snapchat,365.93,92.25,5.7,5.03,4.66,7.83
Facebook,160.68,59.67,7.07,5.83,5.14,5.46
Facebook,236.15,75.12,7.68,6.49,1.51,7.94
Facebook,176.78,79.21,8.44,7.9,5.66,6.17
YouTube,49.84,77.31,8.11,7.05,2.91,4.23
Snapchat,35.66,86.68,7.74,5.62,8.42,1.93
Instagram,117.28,108.63,5.37,5.6,6.05,3.57
Twitter,125.59,101.64,4.86,7.02,4.2,4.55
Instagram,125.52,53.76,6.67,8.55,3.51,6.34
Twitter,128.5,92.44,7.87,6.25,4.79,4.7
Instagram,604.23,106.58,5.55,5.06,6.23,10.0
Snapchat,338.2,87.74,8.13,4.01,4.95,7.1
Twitter,199.43,101.82,8.91,3.11,4.57,4.79
YouTube,157.59,120.25,4.17,7.33,5.12,4.61
Instagram,161.91,100.47,4.33,7.16,3.79,5.25
Instagram,280.27,84.99,5.72,7.15,4.31,7.69
Twitter,156.46,100.9,6.62,5.74,1.0,5.91
YouTube,315.16,82.9,4.95,8.81,6.95,8.29
YouTube,215.52,80.48,8.7,5.03,5.6,5.7
Snapchat,607.78,72.97,6.85,7.91,3.45,10.0
YouTube,149.29,111.27,6.08,5.92,8.8,3.37
YouTube,354.57,63.63,3.13,4.78,5.17,7.96
YouTube,65.24,110.65,3.37,7.19,2.93,3.68
Facebook,98.41,90.0,6.56,6.82,6.71,3.61
Snapchat,556.0,52.01,1.73,6.71,5.8,10.0
Instagram,306.12,87.35,8.03,6.16,5.79,7.47
Twitter,239.2,38.0,5.68,5.92,4.15,8.55
Instagram,709.32,92.51,10.0,10.0,5.9,10.0
Snapchat,159.34,97.7,10.0,8.37,4.48,6.29
Twitter,354.01,68.15,5.64,7.45,6.11,9.41
Snapchat,371.68,82.47,5.79,6.22,1.19,9.88
YouTube,478.98,119.08,7.99,8.01,4.13,10.0
Twitter,58.16,69.89,9.41,7.04,8.44,2.96
YouTube,158.52,58.82,2.72,6.05,3.47,5.51
Instagram,212.81,109.63,2.43,5.39,3.79,5.3
Instagram,473.85,119.25,4.76,5.84,4.1,9.38
Twitter,232.34,80.07,7.17,1.0,2.57,4.99
Twitter,372.22,100.23,6.99,6.42,1.0,9.7
Snapchat,53.11,106.83,8.14,5.02,4.54,3.24
Snapchat,131.13,65.15,3.6,9.19,5.27,5.24
YouTube,414.82,70.29,1.37,6.04,4.89,9.41
Twitter,145.31,104.62,7.72,3.62,4.71,4.1
Instagram,168.69,113.7,4.34,5.9,5.09,4.55
Snapchat,468.89,91.26,1.96,3.91,7.05,7.74
Snapchat,79.49,62.4,6.29,6.95,4.62,4.17
Instagram,97.04,119.74,7.59,6.58,3.85,4.35
Snapchat,47.56,69.38,5.76,7.92,4.44,3.6
YouTube,481.22,73.3,5.08,4.42,6.16,9.31
Twitter,333.98,86.85,5.68,6.07,7.82,7.02
Instagram,328.26,111.08,5.26,3.27,3.74,6.47
Twitter,128.15,97.08,3.3,7.4,5.2,4.19
Snapchat,43.94,88.3,4.57,7.04,5.68,2.73
Snapchat,31.71,89.27,7.04,6.99,3.01,3.65
Instagram,416.86,80.87,6.64,6.0,5.04,9.55
YouTube,250.58,91.16,6.34,6.83,2.07,7.63
Facebook,285.1,29.41,4.01,9.21,1.46,10.0
Instagram,205.67,74.07,5.64,5.43,5.73,5.46
Facebook,87.05,84.83,1.65,6.28,4.23,3.45
Facebook,132.99,56.98,6.36,3.83,5.4,4.09
YouTube,68.85,87.73,8.86,4.26,4.96,3.29
Facebook,60.93,75.91,3.05,6.2,3.05,3.57
Facebook,315.55,115.11,4.83,8.21,4.91,7.73
YouTube,35.02,111.46,6.66,5.49,2.53,3.49
Facebook,69.28,70.68,8.51,5.53,7.78,2.84
Facebook,139.32,76.98,5.1,5.19,2.29,5.17
Facebook,180.64,78.52,4.62,4.93,4.61,5.01
Instagram,46.95,70.97,2.06,6.59,2.92,3.3
Instagram,230.24,83.9,6.21,3.01,6.14,4.66
Instagram,197.28,64.83,10.0,8.56,4.34,7.99
YouTube,412.09,57.39,6.55,4.67,3.96,9.9
Snapchat,182.96,92.45,5.96,7.44,6.71,5.18
Facebook,247.11,92.59,6.64,3.46,5.06,5.34
Facebook,91.47,63.91,5.98,7.34,6.03,4.03
YouTube,94.9,97.91,4.37,7.34,3.04,4.39
Facebook,52.14,67.37,7.65,6.77,2.19,4.42
Instagram,92.26,85.06,6.45,4.01,5.21,3.31
Snapchat,131.42,96.41,6.04,6.5,4.36,4.68
Twitter,385.22,79.33,4.05,3.63,6.25,7.04
Facebook,80.41,89.09,8.61,5.49,4.84,3.79
Instagram,625.31,69.67,7.33,8.06,5.41,10.0
Twitter,262.61,76.07,4.89,7.59,1.75,8.46
Snapchat,226.0,75.88,8.0,6.03,8.78,5.39
Twitter,172.39,65.07,5.0,4.05,4.67,4.8
Instagram,148.4,76.46,4.44,7.29,6.4,4.63
Twitter,104.56,49.03,4.48,6.04,3.33,4.88
YouTube,45.0,70.18,2.46,1.36,5.62,1.92
Twitter,82.95,74.3,6.94,7.57,2.39,5.01
Facebook,480.47,74.88,2.34,5.95,5.9,10.0
Facebook,251.44,75.17,3.54,8.4,4.29,7.64
YouTube,477.67,78.76,1.85,3.81,5.06,8.71
Instagram,102.29,89.59,5.83,1.0,6.4,2.33
Facebook,66.99,97.49,5.7,6.56,2.53,4.11
Snapchat,171.11,67.0,5.35,6.58,3.63,6.01
Facebook,85.72,55.94,3.91,2.62,5.91,2.69
Facebook,198.71,59.16,3.66,4.04,9.2,3.88
Instagram,35.69,70.26,6.93,10.0,4.72,3.83
Twitter,19.04,72.96,4.9,5.39,6.18,2.0
Facebook,219.77,64.6,6.63,7.46,4.79,7.29
YouTube,489.27,54.08,4.23,4.7,8.88,9.88
Twitter,226.83,70.88,6.36,1.82,1.51,5.63
Snapchat,249.64,83.63,8.61,5.66,5.19,6.6
Instagram,176.67,91.9,7.17,5.47,1.75,6.08
Snapchat,189.5,68.85,5.18,5.2,1.0,6.56
Twitter,42.67,71.74,6.51,5.77,5.59,2.84
Twitter,88.6,61.47,5.52,6.53,5.28,3.96
Twitter,382.59,79.37,6.02,5.7,4.43,8.93
Snapchat,129.06,63.03,5.35,3.47,4.79,3.94
Twitter,377.45,91.46,5.67,6.97,10.0,7.44
Snapchat,185.64,44.28,6.42,2.1,4.48,4.66
Twitter,192.71,72.81,4.01,1.9,6.02,3.78
YouTube,129.86,86.02,3.97,7.48,3.7,4.91
Twitter,275.82,83.68,3.22,7.01,5.59,6.85
Snapchat,323.2,133.86,2.8,5.89,4.52,6.63
Facebook,84.4,87.0,3.57,3.21,4.18,3.13
Twitter,47.11,59.92,6.32,4.58,8.64,1.82
Facebook,24.24,78.09,4.21,5.47,7.35,1.67
YouTube,241.23,44.48,7.03,2.81,5.27,5.75
Instagram,222.03,78.39,6.07,4.52,1.0,6.75
YouTube,740.13,63.34,2.06,7.3,4.28,10.0
Twitter,177.46,98.31,7.31,8.85,10.0,4.67
Facebook,154.22,69.01,7.62,5.16,4.54,5.12
Facebook,203.63,77.66,4.01,7.51,7.21,5.45
Snapchat,211.74,67.29,6.84,2.17,7.88,3.73
Facebook,145.08,114.78,4.29,7.32,5.44,4.37
Snapchat,86.9,73.58,6.2,4.39,3.32,3.94
Instagram,170.33,116.65,3.47,6.61,1.0,5.83
Twitter,165.49,96.28,2.41,5.5,6.37,3.96
Snapchat,163.46,89.64,5.23,8.64,3.37,6.1
Instagram,296.1,87.37,5.75,4.25,5.35,6.29
Facebook,168.01,87.88,5.2,7.26,2.5,6.07
Facebook,48.2,41.45,3.63,5.44,4.47,3.17
Instagram,99.71,74.42,5.2,5.68,5.07,3.83
Facebook,143.68,96.9,6.54,5.63,5.54,4.35
Instagram,174.09,79.02,5.91,4.31,2.77,5.37
Snapchat,244.83,51.9,6.37,5.97,7.39,6.81
Snapchat,175.13,78.95,4.66,5.87,3.81,5.46
Instagram,19.6,114.08,8.34,6.48,1.65,3.89
Snapchat,54.2,104.94,3.65,6.17,4.78,2.88
Snapchat,256.73,78.76,6.98,7.6,5.07,7.58
Snapchat,140.6,99.03,8.36,7.85,5.32,5.24
YouTube,186.61,72.67,6.96,3.9,7.72,4.09
Twitter,126.83,45.92,5.59,7.74,4.53,5.91
Facebook,99.36,61.51,4.94,3.63,4.76,3.51
YouTube,130.59,111.26,8.07,7.18,2.79,5.47
Snapchat,188.27,74.52,3.15,7.24,6.64,5.18
Instagram,167.06,75.13,4.06,2.18,5.37,3.72
Snapchat,321.76,74.0,5.2,6.19,4.16,8.3
Twitter,39.07,118.08,8.48,5.06,1.19,4.06
Snapchat,45.16,112.52,6.76,4.48,7.89,1.87
Instagram,139.3,124.38,4.06,8.7,2.54,5.31
Twitter,246.8,76.82,5.38,4.69,3.82,6.34
Snapchat,285.14,85.91,4.77,4.39,5.72,6.01
Twitter,102.77,49.67,4.58,6.15,2.61,5.08
Facebook,6.04,109.54,7.96,7.37,2.01,3.67
Facebook,105.63,56.64,3.26,5.72,1.0,5.19
Snapchat,222.54,84.34,9.22,8.33,6.44,7.03
Twitter,164.7,58.05,7.66,7.06,3.91,6.56
Instagram,253.2,68.22,8.18,1.64,10.0,3.41
Snapchat,373.78,63.25,5.07,4.94,3.01,9.26
Facebook,147.03,67.84,5.7,4.88,3.16,5.14
Facebook,115.74,69.22,3.13,6.96,3.87,4.6
Snapchat,76.55,69.03,4.95,1.0,5.49,2.33
Twitter,44.88,96.67,6.99,10.0,4.06,4.09
Facebook,33.09,57.9,8.59,7.06,6.22,3.08
Twitter,94.35,84.41,3.79,6.3,3.04,4.21
Facebook,340.19,104.36,5.27,8.36,2.24,9.34
Facebook,270.4,69.74,5.7,10.0,1.4,10.0
YouTube,111.28,65.64,3.21,7.74,1.0,5.62
Facebook,629.11,75.39,7.18,7.9,3.96,10.0
Instagram,100.06,103.59,4.55,6.26,4.4,3.86
Snapchat,397.53,83.88,5.61,5.72,3.74,9.2
Snapchat,460.46,69.38,5.1,5.05,7.49,9.22
Twitter,233.38,89.68,4.42,4.35,7.46,4.61
Facebook,93.59,57.95,5.99,4.63,4.33,3.94
Instagram,123.81,93.63,5.57,3.3,1.41,4.62
Twitter,191.66,88.17,5.26,5.85,3.87,5.64
YouTube,46.23,73.84,4.54,2.63,3.8,2.73
Twitter,70.07,63.23,6.64,6.38,3.69,4.15
Twitter,64.75,62.27,9.31,5.93,3.6,4.29
Facebook,245.99,90.7,6.28,6.29,3.69,6.85
YouTube,371.39,104.58,7.99,4.96,4.23,8.0
Twitter,277.78,67.25,3.22,10.0,3.73,9.43
Instagram,331.16,89.17,6.32,8.72,5.42,9.03
Instagram,86.81,38.26,3.81,3.51,5.72,3.22
Snapchat,128.38,68.31,3.05,6.47,3.18,4.94
YouTube,136.34,79.38,4.52,4.78,7.54,3.35
YouTube,232.72,61.81,8.38,3.97,3.04,6.58
Snapchat,96.63,61.27,7.9,3.32,1.76,4.49
Twitter,317.44,66.64,6.49,6.86,5.76,8.61
YouTube,452.11,85.84,2.93,4.64,3.37,9.23
Instagram,241.2,76.25,5.61,7.94,5.64,7.12
Instagram,123.85,35.24,6.6,7.99,1.0,7.8
Facebook,80.11,37.59,6.35,8.75,7.78,4.44
YouTube,64.9,67.86,2.31,4.3,6.34,2.36
Twitter,19.88,89.15,4.22,6.95,2.0,3.34
Snapchat,139.7,25.05,5.87,7.26,2.04,8.69
Snapchat,133.42,70.01,7.07,5.05,8.34,3.51
Twitter,304.26,69.48,1.61,4.46,3.53,7.08
Facebook,102.16,107.77,5.68,9.22,3.33,4.94
Snapchat,146.01,72.3,6.29,6.45,1.0,6.28
YouTube,205.87,87.66,7.7,7.27,4.3,6.6
Facebook,238.43,82.83,7.39,4.36,4.54,5.92
YouTube,280.68,37.39,7.17,3.56,6.43,7.06
Instagram,191.15,95.36,4.4,4.86,2.2,5.65
Facebook,49.05,84.31,2.18,5.75,1.96,3.49
Snapchat,223.77,90.17,5.21,3.87,5.9,4.83
Facebook,95.93,158.52,8.0,5.98,7.01,3.17
Facebook,383.09,38.32,8.79,2.62,1.86,9.36
Facebook,169.43,114.49,7.42,3.76,7.16,3.66
Facebook,199.72,74.25,6.86,7.34,5.08,6.46
YouTube,778.69,85.75,6.76,7.21,7.18,10.0
Instagram,284.07,79.09,4.89,5.22,4.86,6.77
Twitter,220.88,71.52,5.74,3.96,1.0,6.59
Facebook,149.42,68.6,9.34,3.95,4.7,4.68
Snapchat,53.31,86.59,4.11,5.25,7.12,2.15
Facebook,141.11,49.66,9.23,7.29,3.21,6.86
Snapchat,79.21,95.01,5.36,7.86,4.22,4.02
YouTube,488.56,71.68,8.65,5.01,4.65,10.0
Snapchat,222.99,57.4,3.19,3.69,1.0,6.6
Twitter,373.8,71.0,7.17,6.54,8.34,8.61
Instagram,99.69,105.14,4.53,4.35,3.2,3.84
Snapchat,84.49,69.29,3.17,4.96,6.01,2.96
Snapchat,265.15,87.17,6.44,8.65,4.83,7.95
Instagram,76.34,65.38,8.02,7.65,7.52,3.63
Twitter,116.33,95.16,4.31,6.32,5.81,3.74
Facebook,503.81,93.71,3.0,3.46,4.53,8.74
Snapchat,120.21,116.97,5.82,6.42,3.21,4.65
Instagram,42.43,76.49,5.83,8.13,6.6,2.84
YouTube,27.03,93.37,7.1,5.25,1.25,3.79
Instagram,37.11,81.96,7.9,8.7,6.29,3.25
YouTube,388.58,105.92,5.88,8.59,2.8,10.0
Twitter,105.09,65.62,9.71,9.33,7.5,5.1
Facebook,763.11,94.9,6.45,6.61,5.32,10.0
Instagram,455.54,76.11,5.31,7.17,6.29,10.0
Snapchat,582.96,78.72,2.78,8.83,5.16,10.0
Twitter,336.91,81.84,5.47,6.89,1.5,9.51
Instagram,255.46,85.04,5.33,5.0,3.28,6.6
Snapchat,81.78,77.68,7.92,5.1,6.34,3.26
Instagram,166.23,84.29,6.92,6.48,5.33,5.24
YouTube,273.7,111.56,3.64,3.42,7.36,4.62
Instagram,322.92,99.71,6.34,5.71,5.81,7.06
Instagram,58.45,97.38,7.34,8.19,3.07,4.36
Instagram,142.89,70.89,9.06,1.62,3.41,4.03
Twitter,156.22,62.22,7.78,9.07,5.21,6.69
Instagram,151.44,99.11,7.52,8.24,1.0,6.71
Snapchat,66.33,97.52,6.12,5.08,8.35,2.13
YouTube,538.9,109.45,6.78,7.09,5.88,10.0
YouTube,139.1,67.92,8.5,6.01,7.45,4.41
Instagram,70.95,75.41,3.33,8.46,1.84,4.52
Twitter,547.56,47.21,5.3,7.97,7.49,10.0
Twitter,455.83,72.15,4.45,3.2,9.46,7.03
Snapchat,185.52,99.93,6.76,7.17,2.36,6.45
Instagram,113.45,70.67,8.46,5.59,6.54,4.01
YouTube,33.93,92.81,4.81,6.17,5.0,2.66
Twitter,242.15,76.19,1.22,4.54,1.91,6.4
Instagram,106.92,86.48,5.18,9.5,5.99,4.43
Twitter,163.14,57.05,7.83,8.08,6.67,6.21
Twitter,516.13,81.7,7.08,4.52,3.8,10.0
YouTube,100.38,20.18,6.86,3.33,7.33,3.92
Facebook,234.81,76.26,5.44,5.23,1.67,7.03
Snapchat,286.42,47.39,3.44,6.87,2.01,9.89
Snapchat,380.54,104.12,7.03,6.48,5.27,8.5
YouTube,154.07,95.55,4.33,8.51,5.05,5.13
Twitter,141.73,89.33,10.0,7.58,3.57,6.07
Instagram,139.1,110.42,7.14,7.94,6.62,4.54
Twitter,218.73,61.02,4.84,6.65,6.06,6.4
YouTube,443.18,114.95,4.78,3.22,6.72,6.97
Snapchat,134.06,98.64,5.81,5.61,4.75,4.33
Twitter,8.72,75.27,5.52,8.12,6.21,2.22
Snapchat,308.83,102.71,8.23,5.9,4.11,7.6
Instagram,175.47,57.87,6.37,7.01,9.11,5.04
Snapchat,242.54,63.51,4.54,5.36,3.37,6.95
Snapchat,35.38,67.83,9.78,3.94,9.21,1.57
Facebook,107.27,69.42,6.1,5.75,5.07,4.14
Facebook,291.67,58.87,7.54,6.62,2.25,9.52
Facebook,51.52,104.46,4.78,4.69,7.74,1.87
Snapchat,234.43,74.82,6.73,5.53,5.25,6.24
YouTube,162.11,87.05,6.62,4.12,6.7,3.92
Snapchat,88.68,68.59,2.22,8.24,7.45,3.08
YouTube,82.42,43.59,10.0,5.41,5.68,4.23
YouTube,66.91,85.4,8.58,8.91,3.82,4.75
Facebook,174.76,41.75,5.21,9.06,6.95,7.4
Twitter,190.5,78.63,3.8,5.84,5.0,5.26
Instagram,123.63,52.63,6.7,3.98,6.37,3.79
Facebook,63.03,119.75,6.17,1.83,1.0,3.65
Facebook,229.62,98.23,6.71,3.06,5.89,4.65
Twitter,312.72,82.12,6.38,3.25,3.72,6.66
Instagram,260.06,105.27,7.01,8.76,8.31,6.5
Snapchat,598.39,63.07,8.89,6.23,6.25,10.0
Snapchat,144.15,90.87,7.14,6.78,5.48,4.84
Facebook,414.63,84.0,3.9,1.56,5.97,6.25
Instagram,96.41,85.28,8.73,3.6,3.0,4.1
Facebook,83.32,105.45,9.28,7.77,8.25,3.42
YouTube,183.01,94.65,10.0,6.57,8.98,4.72
Facebook,476.7,85.77,3.75,5.71,5.79,9.63
Facebook,131.76,46.9,6.49,7.13,8.18,4.79
Snapchat,35.35,60.8,1.84,9.27,3.86,3.07
Snapchat,308.65,77.55,7.11,5.56,3.41,8.07
Snapchat,156.82,81.87,4.9,6.14,5.08,4.82
YouTube,208.29,57.4,9.85,6.39,5.87,6.9
Snapchat,87.23,128.23,4.45,10.0,4.21,4.18
Instagram,181.72,110.33,2.62,1.8,6.08,3.39
Twitter,41.4,92.04,5.06,7.37,5.61,2.81
Instagram,544.34,81.44,2.05,5.77,3.0,10.0
Instagram,348.6,75.76,7.5,7.13,6.04,9.03
Snapchat,175.58,60.96,1.87,4.69,6.73,4.26
Twitter,302.78,81.55,6.06,5.9,5.34,7.33
Twitter,96.63,85.16,1.84,7.42,7.31,2.89
Twitter,338.13,55.16,5.36,10.0,2.57,10.0
YouTube,127.08,86.68,9.29,7.62,5.94,5.02
Snapchat,119.8,76.89,6.72,4.3,2.66,4.65
Twitter,71.27,41.84,4.27,5.15,2.77,4.2
YouTube,227.55,62.79,5.94,5.09,3.74,6.6
Facebook,169.81,71.73,6.04,2.41,3.12,4.62
Facebook,423.54,117.75,6.95,5.34,3.9,8.73
YouTube,63.69,91.13,3.27,7.47,4.57,3.27
YouTube,228.3,53.29,7.19,3.45,6.67,5.26
Snapchat,371.76,89.72,1.0,8.1,4.36,8.93
Snapchat,193.04,49.05,4.74,6.98,1.83,7.79
Facebook,125.1,101.65,5.02,4.53,7.28,3.08
Twitter,189.37,70.58,7.27,5.72,3.33,6.26
Facebook,401.2,78.13,6.05,9.2,4.88,10.0
Twitter,401.09,106.52,3.19,7.47,5.89,8.53
Twitter,151.88,54.26,4.03,6.02,5.4,5.07
Snapchat,396.44,52.06,6.4,5.52,7.19,9.72
Instagram,163.73,68.33,5.84,6.15,5.96,5.04
Instagram,300.45,100.77,4.84,4.98,3.28,6.99
YouTube,247.68,49.61,5.04,1.79,9.36,3.74
Snapchat,121.03,23.36,7.39,10.0,5.39,9.25
Twitter,73.69,70.98,4.96,6.31,4.71,3.61
Instagram,378.36,91.03,5.82,6.8,6.93,8.32
Twitter,450.32,104.01,10.0,5.88,5.5,9.58
Instagram,224.41,70.74,3.15,4.53,5.8,5.23
Instagram,163.56,71.77,2.3,5.63,9.98,3.18
Instagram,56.09,103.08,7.57,2.8,4.45,2.8
Snapchat,371.82,42.61,4.64,10.0,4.36,10.0
Facebook,205.98,72.23,5.36,3.53,5.23,4.88
Twitter,135.43,83.81,4.44,3.94,7.14,3.2
Snapchat,306.35,88.98,5.48,5.12,1.99,7.79
Snapchat,46.29,69.8,9.2,8.58,1.07,5.29
Snapchat,68.01,80.69,7.6,6.03,3.83,3.96
Snapchat,93.59,30.23,7.72,3.53,1.73,5.05
Snapchat,242.2,66.84,3.17,8.51,4.15,7.8
YouTube,190.94,89.07,3.7,7.46,6.0,5.26
Twitter,262.77,60.35,1.0,7.08,3.22,7.88
Snapchat,354.9,81.18,4.38,7.43,2.15,9.81
Twitter,269.45,88.94,7.91,10.0,5.14,8.77
YouTube,551.93,73.15,7.03,10.0,6.73,10.0
YouTube,354.34,83.41,5.56,4.63,1.61,8.54
Twitter,151.6,60.75,5.96,9.25,6.64,5.93
Instagram,106.67,75.87,4.62,6.77,6.63,3.65
Facebook,155.25,92.2,6.41,7.0,6.91,4.56
Instagram,276.06,83.14,7.53,2.62,7.44,4.79
Instagram,116.53,68.27,2.77,5.66,9.4,2.62
Instagram,281.4,84.48,6.6,4.37,4.29,6.56
Snapchat,259.4,94.29,7.86,7.66,5.22,7.34
YouTube,72.72,39.0,5.17,8.14,4.17,4.84
Instagram,349.85,103.18,7.4,1.85,5.0,5.9
YouTube,218.72,73.27,10.0,5.96,8.07,5.74
Twitter,534.42,88.51,5.79,8.24,2.31,10.0
Facebook,164.17,103.94,6.79,5.63,3.28,5.31
Twitter,130.51,52.57,4.52,7.46,7.75,4.51
Twitter,64.29,65.81,6.36,6.7,7.04,3.04
Snapchat,63.33,74.23,6.92,6.68,4.27,3.85
Facebook,321.92,64.32,6.39,5.46,6.71,7.64
Twitter,499.41,114.7,3.96,3.57,5.68,8.12
Twitter,153.54,62.86,6.41,3.76,8.0,3.53
Facebook,145.81,68.89,8.92,7.42,5.15,5.81
Facebook,175.87,84.09,6.9,6.04,7.05,4.74
Twitter,366.16,55.96,7.92,5.72,10.0,8.31
Facebook,73.32,72.09,5.53,5.15,6.2,2.97
Twitter,199.37,86.35,7.5,5.39,5.1,5.52
Twitter,326.93,73.34,6.56,8.09,6.44,9.01
Snapchat,240.09,78.13,4.1,5.33,4.27,6.19
Instagram,4.59,69.41,6.64,3.32,9.78,1.0
Twitter,270.39,49.71,4.02,7.49,5.36,8.77
YouTube,241.76,86.43,4.73,5.59,4.45,6.17
Instagram,414.34,115.1,6.38,6.06,3.33,9.1
Instagram,473.48,80.37,6.59,9.22,7.19,10.0
Instagram,400.58,84.51,3.62,5.96,6.73,8.24
Snapchat,176.6,93.85,8.11,6.58,4.01,5.87
Twitter,33.6,54.61,7.14,3.64,6.15,2.23
Snapchat,144.98,114.05,4.59,5.56,1.98,5.07
Twitter,172.36,84.05,2.92,7.22,5.37,5.02
Snapchat,495.24,112.64,5.71,2.89,5.91,7.78
Snapchat,88.02,65.34,5.11,6.4,8.41,2.87
YouTube,47.74,116.36,6.23,6.2,3.46,3.47
Snapchat,117.16,95.5,5.27,6.08,2.44,4.83
Facebook,92.3,91.06,1.99,8.07,3.21,4.1
YouTube,43.06,84.68,5.22,6.67,2.33,3.77
Snapchat,156.17,75.03,5.39,8.96,7.67,5.09
Instagram,177.54,104.01,7.27,4.01,8.1,3.61
Facebook,40.43,82.81,4.6,6.27,5.64,2.6
Facebook,129.85,40.66,9.36,6.17,7.44,5.19
Facebook,87.2,57.66,2.18,3.86,5.27,3.04
YouTube,181.96,76.28,8.62,7.91,4.81,6.63
Snapchat,195.73,86.2,5.55,10.0,4.33,7.04
Snapchat,87.22,78.87,7.72,5.97,4.38,4.14
Instagram,347.75,104.38,6.16,7.01,1.9,9.11
Instagram,169.43,40.98,8.28,6.17,5.53,6.61
Facebook,90.92,82.87,5.23,4.57,4.92,3.41
Instagram,37.67,43.64,3.8,2.36,6.49,1.81
YouTube,203.59,95.19,8.84,4.59,5.19,5.27
Snapchat,241.35,78.11,5.77,3.22,4.67,5.38
Facebook,111.76,88.39,6.44,9.41,3.26,5.54
Instagram,186.34,62.72,8.47,5.77,5.14,6.01
YouTube,473.47,105.59,3.94,5.31,6.48,8.59
YouTube,311.33,100.83,7.19,7.78,2.71,8.82
Instagram,14.63,91.67,4.82,3.76,5.17,2.02
Snapchat,90.0,77.41,5.74,4.47,5.47,3.29
Instagram,150.29,91.6,6.14,6.14,3.56,5.19
Facebook,176.79,65.86,3.0,8.06,3.82,6.27
Instagram,189.4,97.11,4.44,7.0,5.46,5.24
YouTube,230.48,112.99,8.7,6.5,2.73,6.94
Instagram,154.26,101.41,7.77,6.16,5.7,4.73
Snapchat,169.11,65.41,5.87,6.8,3.21,6.29
Twitter,322.48,87.23,6.49,6.4,7.13,7.29
Instagram,206.55,54.14,5.41,3.94,9.68,4.09
Snapchat,58.32,91.45,8.71,6.09,3.28,4.05
Snapchat,181.08,89.01,5.6,3.85,6.07,4.21
YouTube,150.62,42.6,6.46,6.16,3.55,6.42
Snapchat,22.65,56.76,8.29,5.04,7.08,2.14
Snapchat,188.17,74.34,4.45,10.0,2.47,7.56
Snapchat,66.08,73.98,9.12,5.92,5.96,3.48
Snapchat,325.77,55.81,2.94,3.19,3.25,7.33
Facebook,228.12,87.78,9.26,5.73,4.59,6.46
Facebook,55.18,85.03,5.25,7.04,2.94,3.87
YouTube,315.72,76.11,5.51,9.35,6.64,9.07
Instagram,418.81,64.88,2.22,4.82,3.33,9.52
Snapchat,136.43,100.97,5.09,2.84,6.1,3.2
Instagram,149.92,113.11,3.92,7.63,4.31,4.82
Instagram,294.78,70.33,4.78,3.24,4.77,6.18
YouTube,398.13,67.76,5.73,5.13,5.3,8.99
Snapchat,30.99,89.82,7.92,5.48,3.48,3.32
Snapchat,61.77,72.84,6.42,5.86,5.42,3.24
Twitter,119.06,77.21,6.62,7.38,8.06,3.89
Instagram,129.98,94.79,3.81,4.63,3.44,4.25
Instagram,288.94,41.81,4.24,5.45,7.34,7.92
Facebook,399.51,106.37,9.6,5.97,8.0,7.99
Twitter,419.58,81.45,4.53,6.3,3.37,10.0
Facebook,30.11,71.77,9.31,6.2,2.09,4.09
Facebook,82.78,78.22,5.51,6.87,5.6,3.63
Facebook,101.28,79.25,6.0,7.69,3.91,4.75
YouTube,82.47,45.38,8.14,6.79,8.74,3.54
YouTube,227.63,109.9,8.54,6.91,5.07,6.37
Facebook,247.61,80.83,5.78,2.84,3.4,5.65
Twitter,167.5,88.86,5.22,6.1,2.71,5.65
Instagram,155.52,99.03,5.89,6.96,7.18,4.31
Twitter,123.32,59.58,6.68,7.46,3.86,5.62
Snapchat,135.44,89.47,7.78,4.62,5.09,4.25
YouTube,469.96,74.65,6.01,4.68,6.91,9.14
Instagram,273.81,96.94,7.24,4.85,4.03,6.6
Instagram,127.18,37.46,9.28,7.07,4.91,6.51
Snapchat,153.19,78.02,6.76,8.07,4.97,5.72
Snapchat,231.41,67.94,6.62,5.19,6.37,5.86
Facebook,55.16,88.65,2.96,7.82,6.18,2.65
YouTube,185.81,89.4,1.0,6.25,4.56,4.91
YouTube,263.35,65.85,6.78,5.75,5.13,7.18
Twitter,240.05,65.76,5.81,5.58,4.26,6.81
Facebook,84.25,77.79,4.97,7.49,2.04,4.79
Facebook,98.68,62.07,6.49,6.65,5.52,4.25
Facebook,19.48,96.84,5.88,10.0,8.78,1.94
Facebook,283.07,72.62,8.26,4.3,3.23,7.24
YouTube,603.42,21.86,6.17,7.04,3.45,10.0
YouTube,73.92,72.5,4.51,4.94,3.26,3.71
Facebook,353.03,59.23,7.98,4.26,6.45,7.82
Twitter,568.87,47.37,5.57,5.98,5.9,10.0
Instagram,113.52,55.25,7.05,6.27,4.68,4.9
Instagram,153.36,82.19,5.05,10.0,3.16,6.46
Twitter,201.62,106.57,4.7,5.63,5.18,5.06
Facebook,234.63,86.26,6.17,3.74,1.87,6.26
YouTube,209.68,67.87,6.03,6.55,5.29,6.32
Instagram,121.05,89.12,6.96,1.85,6.74,2.7
Snapchat,260.48,70.82,5.46,5.82,2.5,7.63
Snapchat,123.36,66.11,2.33,6.03,1.93,5.06
Twitter,220.24,56.91,5.13,7.59,8.16,6.47
Facebook,162.92,44.96,7.59,7.95,3.78,7.58
Instagram,26.57,72.2,5.41,4.99,7.27,1.81
Facebook,388.43,83.16,5.51,5.7,4.69,8.77
Instagram,100.99,78.07,7.97,4.47,4.68,3.9
Twitter,414.52,71.68,4.58,3.74,5.88,7.89
Twitter,343.56,61.09,2.91,6.62,3.23,9.57
Snapchat,197.18,92.16,5.68,3.45,5.26,4.52
Facebook,243.4,53.66,5.03,5.17,4.24,7.03
Snapchat,264.61,95.52,4.07,4.01,2.36,6.38
Facebook,142.47,59.96,5.65,7.1,5.67,5.21
Snapchat,147.89,64.95,6.98,9.6,4.47,6.66
YouTube,255.64,50.66,5.98,3.4,4.69,6.27
YouTube,164.26,69.97,6.61,2.29,2.58,4.71
YouTube,121.37,99.51,9.63,5.75,8.18,3.57
YouTube,85.48,90.31,5.31,6.03,6.75,3.04
Instagram,224.93,99.57,6.56,6.44,6.93,5.47
YouTube,98.14,90.44,4.98,5.11,4.39,3.73
Twitter,304.63,57.93,4.31,5.6,1.54,9.01
Twitter,322.48,73.38,4.83,6.74,8.91,7.16
Instagram,242.07,64.4,5.04,8.08,4.88,7.81
YouTube,278.9,106.61,6.72,2.09,3.5,5.57
YouTube,242.58,56.06,10.0,5.26,5.83,7.0
YouTube,292.83,97.87,4.57,6.43,7.33,6.24
Snapchat,284.24,97.86,5.17,4.16,4.95,6.0
Facebook,216.28,116.59,5.87,9.46,7.56,5.76
Snapchat,346.51,71.81,6.79,4.73,7.17,7.24
Facebook,146.49,94.25,6.53,5.92,2.85,5.3
YouTube,87.81,125.63,8.57,7.11,3.65,4.5
YouTube,83.87,67.65,1.15,4.82,6.92,2.47
Snapchat,129.99,49.3,1.23,2.31,1.0,4.66
Snapchat,22.25,42.4,5.01,5.14,4.7,2.6
Facebook,195.75,94.25,8.19,8.06,2.14,7.31
Twitter,267.08,42.34,2.87,5.33,4.05,8.12
Facebook,319.37,72.55,1.0,4.31,4.4,6.86
Snapchat,33.35,88.75,7.14,7.85,4.28,3.47
Snapchat,86.32,83.7,6.49,5.34,3.9,3.94
Instagram,298.32,88.51,3.82,4.98,2.81,7.2
Snapchat,142.88,84.45,4.03,6.3,9.58,3.13
Instagram,262.89,105.58,4.06,7.54,8.73,5.5
Twitter,52.41,60.95,6.22,10.0,2.68,4.83
Facebook,411.27,66.46,4.75,7.65,8.16,10.0
Facebook,48.37,64.55,6.99,8.32,4.2,4.01
Instagram,191.55,96.6,1.0,4.99,5.26,4.43
Facebook,195.23,98.01,4.29,3.95,4.87,4.62
Snapchat,110.91,89.02,3.75,6.12,3.68,4.23
YouTube,236.04,103.67,5.49,6.21,6.97,5.37
Instagram,240.81,56.44,4.92,3.84,5.25,5.85
Facebook,222.63,113.34,7.6,5.65,4.05,5.98
Instagram,109.22,110.46,2.28,6.8,2.39,4.36
Instagram,92.11,94.71,6.09,6.72,3.21,4.43
YouTube,119.22,115.64,7.12,7.01,1.72,5.4
Snapchat,81.44,46.87,9.71,6.58,5.02,4.73
Instagram,357.32,69.51,5.04,4.99,2.61,8.86
Facebook,127.82,65.29,6.65,4.97,4.47,4.57
Twitter,187.52,94.43,2.39,3.6,7.74,3.44
Instagram,297.49,59.0,1.22,9.57,7.4,8.81
Instagram,77.91,95.15,7.69,6.03,4.94,3.72
YouTube,46.3,107.41,5.99,5.55,4.83,2.92
Snapchat,81.7,93.9,8.36,4.14,8.76,2.24
Twitter,202.91,85.68,3.25,10.0,6.04,6.24
Facebook,192.93,60.24,7.04,3.85,4.34,5.4
Twitter,222.33,63.06,9.74,5.14,2.15,7.39
Facebook,153.69,104.99,6.84,6.83,5.79,4.74
Snapchat,8.46,95.59,6.55,7.2,6.66,2.09
Facebook,149.93,79.22,6.02,7.92,3.74,5.83
YouTube,324.95,71.64,2.86,9.62,5.58,9.49
YouTube,382.6,39.48,8.71,7.01,4.27,10.0
YouTube,178.38,58.58,4.78,3.89,4.63,4.95
YouTube,193.46,118.23,7.01,5.49,1.0,6.3
Twitter,259.47,54.39,2.87,6.62,4.56,7.76
Snapchat,375.4,83.79,3.64,10.0,6.94,9.88
Facebook,166.73,100.15,8.87,3.2,3.74,4.65
Facebook,256.95,54.9,5.31,8.41,5.11,8.86
YouTube,105.22,83.69,8.91,6.36,3.49,4.94
YouTube,53.53,98.76,5.84,7.68,5.72,3.13
Instagram,114.73,80.25,2.32,5.8,4.57,3.87
Snapchat,433.29,137.37,7.78,4.32,3.12,8.43
Twitter,260.59,46.63,4.82,7.5,7.67,8.22
Facebook,58.64,101.17,7.4,7.31,6.86,3.03
Instagram,269.07,76.54,6.05,7.94,3.79,8.31
Instagram,63.05,95.44,2.91,5.97,6.0,2.57
Facebook,220.14,88.83,6.33,4.8,6.07,5.18
Twitter,75.23,65.34,10.0,2.88,6.28,2.78
Instagram,55.44,84.58,6.99,7.64,1.61,4.64
Instagram,481.4,42.84,5.88,6.85,7.01,10.0
Snapchat,127.74,92.06,8.15,4.07,3.86,4.35
Twitter,257.3,85.96,6.42,4.92,4.28,6.39
Instagram,172.01,92.77,6.42,5.07,10.0,3.31
Twitter,67.88,101.16,3.82,3.03,5.6,2.43
Facebook,138.86,87.35,6.47,4.36,4.23,4.38
YouTube,68.43,82.96,8.07,3.73,1.0,4.29
Instagram,712.45,62.38,4.33,5.18,7.78,10.0
Snapchat,289.86,65.76,8.85,4.52,2.31,8.0
Facebook,169.58,103.73,5.82,2.75,2.99,4.57
Twitter,247.75,108.73,4.22,10.0,4.34,7.3
Facebook,277.13,75.24,8.0,8.51,7.83,7.91
Instagram,277.64,80.92,5.43,4.44,6.55,5.82
Twitter,269.5,61.91,7.52,6.54,4.68,8.12
YouTube,255.34,103.46,5.42,6.83,5.62,6.3
Facebook,180.17,93.31,5.88,8.38,3.8,6.27
Instagram,457.29,118.82,6.99,4.36,5.28,8.28
Snapchat,188.85,62.43,6.58,8.18,5.15,6.9
Twitter,173.32,72.44,2.01,4.9,6.94,4.02
Facebook,190.06,84.63,3.76,3.33,6.93,3.82
Facebook,200.19,92.93,7.86,7.45,5.99,5.98
YouTube,33.65,75.69,5.74,8.58,4.28,3.42
YouTube,80.96,62.54,4.95,10.0,6.48,4.15
Snapchat,153.69,97.63,3.28,3.6,4.82,3.9
Snapchat,31.81,94.42,3.84,7.4,2.84,3.28
Instagram,169.38,61.67,1.96,5.18,4.19,5.06
Instagram,198.26,107.11,5.8,7.57,5.17,5.71
Snapchat,51.17,103.4,4.8,3.06,6.82,1.91
Snapchat,99.09,82.69,4.07,3.47,4.63,3.3
Twitter,392.92,81.59,5.86,4.45,2.58,8.82
YouTube,249.53,91.08,6.73,6.16,5.11,6.48
Instagram,239.62,62.77,10.0,4.72,5.23,6.57
YouTube,361.44,80.6,2.98,7.32,5.37,8.72
YouTube,82.37,36.95,8.32,8.05,6.84,4.91
Snapchat,51.32,97.53,7.95,7.2,7.04,2.92
Twitter,329.39,48.77,4.44,9.24,3.81,10.0
Facebook,157.05,110.07,6.41,6.83,3.77,5.29
Twitter,80.43,73.4,5.08,3.57,2.92,3.68
Twitter,33.35,75.77,6.37,8.73,6.4,2.91
YouTube,191.67,67.45,9.02,4.79,7.9,4.77
Twitter,143.32,74.24,7.21,7.82,4.37,5.76
Instagram,124.65,108.37,7.02,9.15,4.52,5.23
YouTube,13.15,30.24,5.14,6.91,7.93,1.76
Instagram,453.36,105.54,3.03,3.01,6.01,7.2
Facebook,42.14,86.76,5.58,4.16,5.87,2.33
YouTube,134.56,55.86,8.41,8.65,2.62,7.1
Facebook,117.17,58.49,2.95,5.66,6.36,3.73
YouTube,254.78,113.53,3.89,6.16,3.14,6.47
Snapchat,33.77,61.09,6.25,7.52,2.73,3.87
Twitter,233.74,56.93,4.03,7.39,4.31,7.68
Snapchat,192.38,102.75,4.41,6.56,3.83,5.58
Facebook,94.98,86.77,5.15,5.58,4.56,3.77
Twitter,227.92,61.24,3.27,5.37,2.12,7.0
YouTube,169.15,84.33,4.05,7.72,6.92,4.79
Twitter,524.98,59.48,7.41,7.11,7.26,10.0
Instagram,143.22,102.02,3.39,5.49,1.11,5.24
Twitter,71.17,101.23,2.8,8.16,6.96,2.66
Instagram,235.4,90.64,4.74,5.74,3.38,6.38
Twitter,129.43,87.23,7.46,4.3,6.71,3.56
Instagram,166.58,115.22,5.61,4.48,4.86,4.36
Facebook,51.75,79.99,5.07,4.04,5.06,2.67
Snapchat,257.52,56.36,6.09,5.46,4.63,7.34
YouTube,113.05,88.99,2.51,8.47,7.42,3.4
Twitter,203.4,121.72,6.99,4.39,2.52,5.62
Snapchat,611.26,59.7,6.77,6.38,6.22,10.0
YouTube,136.77,72.77,5.18,4.69,7.2,3.57
YouTube,282.38,88.33,8.01,5.48,6.43,6.52
Instagram,144.35,78.92,3.75,2.98,9.65,2.32
Facebook,96.1,60.35,8.26,5.56,3.94,4.58
Facebook,402.06,102.44,6.31,5.61,6.91,7.86
Snapchat,23.17,126.4,5.33,7.08,4.79,2.68
Facebook,333.51,83.92,5.96,6.45,7.47,7.43
Twitter,19.77,61.92,5.79,3.6,4.98,2.23
Facebook,310.5,49.02,8.44,8.17,4.22,10.0
Snapchat,168.52,85.16,3.85,6.42,7.61,4.17
Facebook,71.36,102.08,4.47,6.4,4.02,3.53
Twitter,119.45,89.5,8.07,5.98,2.17,5.31
Instagram,271.9,79.95,4.81,4.96,3.97,6.69
Snapchat,574.18,68.21,7.8,6.44,6.24,10.0
Instagram,35.31,58.16,9.4,6.95,7.78,2.75
Instagram,75.48,96.7,5.2,2.51,5.22,2.64
Instagram,47.16,98.28,7.36,4.92,7.64,2.14
YouTube,143.42,49.09,3.69,5.49,2.28,5.76
YouTube,316.21,111.8,7.51,6.51,4.11,7.75
Instagram,40.75,91.48,6.4,8.39,4.42,3.53
Snapchat,165.11,107.99,6.95,4.46,4.77,4.52
Twitter,309.38,53.16,4.71,5.0,5.17,7.93
Twitter,118.03,52.68,2.68,4.97,6.38,3.65
Facebook,193.69,77.02,7.01,4.4,4.11,5.43
Snapchat,382.52,90.06,1.87,5.31,5.28,7.69
YouTube,63.11,115.93,5.37,7.54,4.91,3.38
Instagram,26.36,94.12,7.88,3.89,3.15,3.04
Facebook,211.43,75.15,6.38,6.86,4.77,6.49
Twitter,215.7,59.47,9.9,2.6,4.71,5.2
YouTube,111.35,104.6,8.05,4.88,4.67,4.02
YouTube,93.77,60.71,4.69,5.34,5.06,3.74
Instagram,171.11,112.57,6.05,9.35,5.15,5.72
Twitter,62.02,74.31,5.91,5.45,4.14,3.48
Snapchat,62.12,111.81,2.84,1.6,7.55,1.54
YouTube,270.66,93.58,4.12,2.0,2.66,5.65
Instagram,58.0,77.26,4.88,6.07,3.56,3.56
Snapchat,28.4,69.61,1.93,7.23,10.0,1.0
Twitter,93.6,73.18,6.09,6.75,2.92,4.75
YouTube,113.61,88.57,5.5,6.34,2.29,4.96
Snapchat,233.72,81.54,2.65,8.32,6.47,6.22
Snapchat,100.82,68.12,6.81,4.92,1.0,5.11
Snapchat,425.99,76.69,7.43,7.79,4.53,10.0
YouTube,177.93,81.57,6.45,2.74,9.29,2.94
YouTube,82.58,37.43,5.35,4.19,1.91,4.63
Facebook,226.73,89.16,7.18,2.39,1.04,5.91
Twitter,420.99,60.41,7.36,5.45,2.0,10.0
Instagram,265.53,56.93,6.61,5.91,6.8,7.15
Snapchat,38.19,46.25,4.35,6.23,7.25,2.26
Facebook,121.85,44.12,6.55,6.12,3.97,5.52
Instagram,201.1,52.89,8.39,4.14,6.37,5.37
Facebook,257.91,65.82,4.81,5.62,7.78,5.99
YouTube,144.12,119.07,10.0,3.01,8.57,2.83
Snapchat,128.6,69.48,4.95,8.73,4.51,5.41
Instagram,522.45,83.56,6.06,5.39,1.0,10.0
Instagram,268.27,88.01,4.66,5.02,3.36,6.67
Instagram,227.23,82.62,6.45,9.18,4.15,7.74
Instagram,104.48,78.45,2.52,3.52,4.48,3.35
Instagram,61.16,56.09,4.91,3.75,4.62,3.0
Facebook,230.09,109.02,3.82,3.81,7.24,4.22
Snapchat,288.81,116.14,6.27,5.86,7.55,5.82
YouTube,165.95,46.35,7.99,6.86,4.66,6.82
YouTube,268.77,59.52,7.29,7.48,7.2,8.0
YouTube,273.55,74.4,1.26,10.0,5.72,7.95
YouTube,302.07,60.71,10.0,1.5,5.13,5.53
Facebook,37.48,90.12,6.59,7.22,6.81,2.58
Twitter,124.69,65.43,4.45,4.89,5.14,4.07
Snapchat,240.02,123.3,6.31,4.83,9.12,4.21
Instagram,173.18,103.81,6.35,4.76,2.12,5.49
Twitter,274.14,84.25,4.67,4.18,3.97,6.3
YouTube,227.14,100.54,6.4,9.37,4.75,7.16
Twitter,14.59,102.12,4.79,7.68,5.88,2.23
Snapchat,352.22,68.72,5.19,6.05,7.54,7.99
Instagram,112.18,63.68,4.63,8.7,4.95,4.97
Instagram,78.25,81.56,3.13,2.97,2.16,3.61
Snapchat,344.37,97.23,6.29,3.34,6.69,6.04
Snapchat,259.69,82.78,7.17,1.64,6.51,4.4
YouTube,377.2,48.46,7.03,4.6,1.12,10.0
Instagram,202.72,63.94,7.64,6.32,4.99,6.5
Twitter,123.39,78.52,6.65,6.21,1.82,5.49
Facebook,185.87,78.49,4.93,6.3,3.67,5.87
Facebook,65.97,119.45,7.68,3.18,3.19,3.36
Snapchat,45.93,52.28,3.28,7.61,6.62,2.64
YouTube,97.91,90.11,4.2,6.48,5.23,3.66
Facebook,453.43,109.78,4.07,7.47,2.43,10.0
Instagram,106.62,125.43,8.16,2.21,6.76,2.59
Snapchat,29.14,71.91,7.89,6.62,2.13,3.96
Twitter,147.34,89.83,6.97,3.62,5.66,3.88
Snapchat,105.43,91.4,8.14,5.21,3.37,4.49
Twitter,356.54,83.91,4.24,7.07,4.27,8.89
Snapchat,432.32,78.02,6.7,6.18,6.01,9.77
Snapchat,118.78,88.72,5.75,4.3,6.04,3.44
Snapchat,202.58,29.36,7.69,6.01,7.67,7.8
Twitter,215.11,93.64,5.77,2.94,4.84,4.71
Twitter,160.46,82.52,5.23,8.3,5.61,5.4
Snapchat,138.66,75.55,7.08,5.59,4.12,4.97
Facebook,73.56,120.94,7.75,8.24,5.36,3.9
YouTube,23.89,66.5,4.66,4.95,5.88,2.11
YouTube,73.16,71.94,5.88,4.95,4.8,3.38
YouTube,156.13,119.83,3.88,4.47,1.39,5.07
Twitter,40.83,63.36,1.0,7.75,5.66,2.36
Twitter,194.88,69.0,6.4,4.58,5.73,5.11
Facebook,175.78,77.06,7.22,7.29,3.64,6.38
YouTube,105.58,96.81,6.52,5.24,2.43,4.58
YouTube,134.0,84.16,2.1,2.05,7.95,2.37
Snapchat,48.89,54.15,5.3,4.86,5.98,2.65
Twitter,298.37,69.36,1.56,3.64,4.54,6.3
YouTube,294.9,67.85,8.74,6.07,2.73,8.83
Facebook,58.03,78.46,3.83,3.62,3.36,3.12
Facebook,59.69,88.52,8.51,7.85,7.61,3.18
YouTube,74.06,88.36,7.89,5.82,5.28,3.56
Twitter,248.48,44.48,4.2,5.64,3.9,7.94
Facebook,214.62,101.28,3.73,7.31,6.02,5.44
Snapchat,341.73,85.05,6.7,7.93,3.37,9.65
Facebook,367.85,107.69,4.31,5.96,8.0,6.83
Instagram,36.85,88.88,6.2,4.46,7.71,1.79
Instagram,242.26,102.03,5.03,2.45,4.07,5.03
Twitter,358.04,89.33,2.44,4.63,3.74,7.54
YouTube,127.15,106.92,1.54,4.77,1.0,4.68
